{
    "intercept": 0.0,
    "weights": {
        "cg20822990": -15.7,
        "cg22512670": 1.05,
        "cg25410668": 3.87,
        "cg04400972": 9.62,
        "cg16054275": -11.1,
        "cg10501210": -6.46,
        "cg09809672": -0.74,
        "ch.2.30415474F": 5.79,
        "cg22158769": -2.06,
        "cg02085953": 1.02,
        "cg06639320": 8.95,
        "cg22454769": 4.85,
        "cg24079702": 2.48,
        "cg23606718": 8.35,
        "cg22016779": 1.79,
        "cg04474832": -7.1,
        "cg03607117": 10.7,
        "cg07553761": 3.72,
        "cg00481951": -2.72,
        "cg25478614": 4.01,
        "cg25428494": -1.81,
        "cg02650266": 10.2,
        "cg08234504": -3.16,
        "cg23500537": 5.67,
        "cg20052760": -12.6,
        "cg16867657": 10.8,
        "cg22736354": 4.42,
        "cg06493994": 9.42,
        "cg06685111": -13.1,
        "cg00486113": -10.7,
        "cg13001142": -5.8,
        "cg20426994": 19.1,
        "cg14361627": 10.7,
        "cg08097417": 27.3,
        "cg07955995": 13.7,
        "cg22285878": -20.7,
        "cg03473532": -3.31,
        "cg08540945": 9.41,
        "cg07927379": -1.42,
        "cg16419235": -1.6,
        "cg07583137": 3.03,
        "cg22796704": -10.6,
        "cg19935065": 13.4,
        "cg23091758": -0.392,
        "cg23744638": 0.0859,
        "cg04940570": 11.6,
        "cg11067179": 14.7,
        "cg22213242": 23.7,
        "cg06419846": 13.4,
        "cg02046143": -10.2,
        "cg00748589": 8.21,
        "cg19722847": -5.66,
        "cg18473521": 8.85,
        "cg01528542": -2.98,
        "ch.13.39564907R": -20.6,
        "cg03032497": 8.4,
        "cg04875128": -4.37,
        "cg21296230": 8.39,
        "cg09651136": -15.8,
        "cg03399905": 28.0,
        "cg04416734": 11.9,
        "cg07082267": 2.87,
        "cg14692377": 19.1,
        "cg06874016": -4.37,
        "cg21139312": 17.1,
        "cg02867102": -12.5,
        "cg19283806": -4.29,
        "cg14556683": -4.04,
        "cg07547549": 3.11,
        "cg05442902": -22.7,
        "cg08415592": -6.92
    },
    "reference_means": {
        "cg20822990": 0.5,
        "cg22512670": 0.5,
        "cg25410668": 0.5,
        "cg04400972": 0.5,
        "cg16054275": 0.5,
        "cg10501210": 0.5,
        "cg09809672": 0.5,
        "ch.2.30415474F": 0.5,
        "cg22158769": 0.5,
        "cg02085953": 0.5,
        "cg06639320": 0.5,
        "cg22454769": 0.5,
        "cg24079702": 0.5,
        "cg23606718": 0.5,
        "cg22016779": 0.5,
        "cg04474832": 0.5,
        "cg03607117": 0.5,
        "cg07553761": 0.5,
        "cg00481951": 0.5,
        "cg25478614": 0.5,
        "cg25428494": 0.5,
        "cg02650266": 0.5,
        "cg08234504": 0.5,
        "cg23500537": 0.5,
        "cg20052760": 0.5,
        "cg16867657": 0.5,
        "cg22736354": 0.5,
        "cg06493994": 0.5,
        "cg06685111": 0.5,
        "cg00486113": 0.5,
        "cg13001142": 0.5,
        "cg20426994": 0.5,
        "cg14361627": 0.5,
        "cg08097417": 0.5,
        "cg07955995": 0.5,
        "cg22285878": 0.5,
        "cg03473532": 0.5,
        "cg08540945": 0.5,
        "cg07927379": 0.5,
        "cg16419235": 0.5,
        "cg07583137": 0.5,
        "cg22796704": 0.5,
        "cg19935065": 0.5,
        "cg23091758": 0.5,
        "cg23744638": 0.5,
        "cg04940570": 0.5,
        "cg11067179": 0.5,
        "cg22213242": 0.5,
        "cg06419846": 0.5,
        "cg02046143": 0.5,
        "cg00748589": 0.5,
        "cg19722847": 0.5,
        "cg18473521": 0.5,
        "cg01528542": 0.5,
        "ch.13.39564907R": 0.5,
        "cg03032497": 0.5,
        "cg04875128": 0.5,
        "cg21296230": 0.5,
        "cg09651136": 0.5,
        "cg03399905": 0.5,
        "cg04416734": 0.5,
        "cg07082267": 0.5,
        "cg14692377": 0.5,
        "cg06874016": 0.5,
        "cg21139312": 0.5,
        "cg02867102": 0.5,
        "cg19283806": 0.5,
        "cg14556683": 0.5,
        "cg07547549": 0.5,
        "cg05442902": 0.5,
        "cg08415592": 0.5
    },
    "manifest": {
        "cg20822990": [
            "chr1",
            17338766
        ],
        "cg22512670": [
            "chr1",
            26855765
        ],
        "cg25410668": [
            "chr1",
            28241577
        ],
        "cg04400972": [
            "chr1",
            117665053
        ],
        "cg16054275": [
            "chr1",
            169556022
        ],
        "cg10501210": [
            "chr1",
            207997020
        ],
        "cg09809672": [
            "chr1",
            236557682
        ],
        "ch.2.30415474F": [
            "chr2",
            30561970
        ],
        "cg22158769": [
            "chr2",
            39187539
        ],
        "cg02085953": [
            "chr2",
            97202260
        ],
        "cg06639320": [
            "chr2",
            106015739
        ],
        "cg22454769": [
            "chr2",
            106015767
        ],
        "cg24079702": [
            "chr2",
            106015771
        ],
        "cg23606718": [
            "chr2",
            131513927
        ],
        "cg22016779": [
            "chr2",
            230452311
        ],
        "cg04474832": [
            "chr3",
            52008487
        ],
        "cg03607117": [
            "chr3",
            53080440
        ],
        "cg07553761": [
            "chr3",
            160167977
        ],
        "cg00481951": [
            "chr3",
            187387650
        ],
        "cg25478614": [
            "chr3",
            187387866
        ],
        "cg25428494": [
            "chr4",
            84255411
        ],
        "cg02650266": [
            "chr4",
            147558239
        ],
        "cg08234504": [
            "chr5",
            139013317
        ],
        "cg23500537": [
            "chr5",
            140419819
        ],
        "cg20052760": [
            "chr6",
            10510789
        ],
        "cg16867657": [
            "chr6",
            11044877
        ],
        "cg22736354": [
            "chr6",
            18122719
        ],
        "cg06493994": [
            "chr6",
            25652602
        ],
        "cg06685111": [
            "chr6",
            30295466
        ],
        "cg00486113": [
            "chr6",
            31105711
        ],
        "cg13001142": [
            "chr6",
            147528521
        ],
        "cg20426994": [
            "chr7",
            130418324
        ],
        "cg14361627": [
            "chr7",
            130419116
        ],
        "cg08097417": [
            "chr7",
            130419133
        ],
        "cg07955995": [
            "chr7",
            130419159
        ],
        "cg22285878": [
            "chr7",
            130419173
        ],
        "cg03473532": [
            "chr7",
            131008743
        ],
        "cg08540945": [
            "chr7",
            152591698
        ],
        "cg07927379": [
            "chr7",
            156433108
        ],
        "cg16419235": [
            "chr8",
            57360613
        ],
        "cg07583137": [
            "chr8",
            82644012
        ],
        "cg22796704": [
            "chr10",
            49673534
        ],
        "cg19935065": [
            "chr10",
            98062687
        ],
        "cg23091758": [
            "chr11",
            9025767
        ],
        "cg23744638": [
            "chr11",
            10323902
        ],
        "cg04940570": [
            "chr11",
            12696758
        ],
        "cg11067179": [
            "chr11",
            66083541
        ],
        "cg22213242": [
            "chr11",
            66083573
        ],
        "cg06419846": [
            "chr11",
            66083697
        ],
        "cg02046143": [
            "chr11",
            133797911
        ],
        "cg00748589": [
            "chr12",
            11653486
        ],